use magazin;
INSERT INTO Manufacturers (ManufacturerId, Name) VALUES
(1, 'Pilot'),
(2, 'Bic'),
(3, 'Pentel'),
(4, 'Moleskine'),
(5, 'Paperblanks'),
(6, 'Moleskine'),
(7, 'Faber-Castell'),
(8, 'Pentel'),
(9, 'Bic'),
(10, 'Pritt'),
(11, 'Kleenex'),
(12, 'UHU'),
(13, 'Stabilo'),
(14, 'Faber-Castell'),
(15, 'Pilot'),
(16, 'OfficePoint'),
(17, 'Студия Печати'),
(18, 'OfficePoint'),
(19, 'Maped'),
(20, 'Faber-Castell');
INSERT INTO Suppliers (SupplierId, Name) VALUES
(1, 'ООО "КанцТорг"'),
(2, 'ООО "КанцЛайн"'),
(3, 'ООО "КанцТорг"'),
(4, 'ООО "Бумажный мир"'),
(5, 'ООО "Бумажный мир"'),
(6, 'ООО "Бумажный мир"'),
(7, 'ООО "КанцТорг"'),
(8, 'ООО "КанцТорг"'),
(9, 'ООО "КанцТорг"'),
(10, 'ООО "КанцЛайн"'),
(11, 'ООО "КанцЛайн"'),
(12, 'ООО "КанцТорг"'),
(13, 'ООО "КанцТорг"'),
(14, 'ООО "КанцЛайн"'),
(15, 'ООО "КанцЛайн"'),
(16, 'ООО "Офисный мир"'),
(17, 'ООО "Офисный мир"'),
(18, 'ООО "Офисный мир"'),
(19, 'ООО "КанцТорг"'),
(20, 'ООО "КанцЛайн"');
INSERT INTO Categories (CategoryId, Name) VALUES
(1, 'Ручки'),
(2, 'Блокноты'),
(3, 'Ластики'),
(4, 'Клей'),
(5, 'Фломастеры'),
(6, 'Папки'),
(7, 'Линейки');
INSERT INTO Products (ProductId, Article, Name, Description, ImageUrl, StockQuantity) VALUES
(1, 'A123B456C7', 'Ручки гелевые "Ультра"', 'Гелевые ручки с яркими чернилами, подходят для письма и рисования.', 'A123B456C7.png', 200),
(2, 'B234C567D8', 'Ручки "Мегапак"', 'Классические шариковые ручки, набор из 10 штук.', 'B234C567D8.png', 300),
(3, 'C345D678E9', 'Ручки "СуперСкрипт"', 'Ручки с мягким грипом и быстросохнущими чернилами.', 'C345D678E9.png', 150),
(4, 'D456E789F0', 'Блокнот "Эко"', 'Блокнот с твердым переплетом и бумажной обивкой.', 'D456E789F0.png', 100),
(5, 'E567F890G1', 'Блокнот "Классика"', 'Элегантный блокнот с качественной бумагой, формата A5.', 'E567F890G1.png', 200),
(6, 'F678G901H2', 'Блокнот "Мини"', 'Маленький блокнот с мягкой обложкой, удобен для карманных записей.', 'F678G901H2.png', 150),
(7, 'G789H012I3', 'Ластик "Радуга"', 'Ластик с цветным покрытием, не оставляет следов на бумаге.', 'G789H012I3.png', 500),
(8, 'H890I123J4', 'Ластик "Магик"', 'Ластик для тонкой и точной работы, легко стирает чернила и карандаш.', NULL, 400),
(9, 'I901J234K5', 'Ластик "Офисный"', 'Простая резинка для удаления следов карандаша и чернил.', NULL, 600),
(10, 'J012K345L6', 'Клей "Универсальный"', 'Клей для бумаги и картона, быстро сохнет, не оставляет следов.', NULL, 300),
(11, 'K123L456M7', 'Клей "Студент"', 'Клей для бумаги, не токсичен, подходит для школьников.', NULL, 500),
(12, 'L234M567N8', 'Клей "Тюбик"', 'Клей в тюбике для офисных нужд, быстро сохнет и не оставляет следов.', NULL, 200),
(13, 'M345N678O9', 'Фломастеры "Творчество"', 'Набор фломастеров с яркими цветами, 12 цветов.', NULL, 100),
(14, 'N456O789P0', 'Фломастеры "Акварель"', 'Акварельные фломастеры для рисования и раскрашивания.', NULL, 80),
(15, 'O567P890Q1', 'Фломастеры "Мультиколор"', 'Набор многоцветных фломастеров с мягким стержнем.', NULL, 150),
(16, 'P678Q901R2', 'Папка "Люкс"', 'Папка с двумя карманами для документов формата A4.', NULL, 200),
(17, 'Q789R012S3', 'Папка "Бюрократ"', 'Папка с кольцевым механизмом для документов формата A4.', NULL, 150),
(18, 'R890S123T4', 'Папка "Премиум"', 'Элегантная папка с мягким переплетом и магнитной застежкой.', NULL, 100),
(19, 'S901T234U5', 'Линия для черчения "Проект"', 'Линейка из прочного пластика для точных измерений и черчения.', NULL, 50),
(20, 'T012U345V6', 'Линия для черчения "Техническая"', 'Линейка с миллиметровой сеткой для инженерных чертежей.', NULL, 40);

INSERT INTO ProductDetails (ProductId, ManufacturerId, SupplierId, CategoryId, Unit, Price) VALUES
(1, 1, 1, 1, 'шт', 50.00),
(2, 2, 2, 1, 'шт', 35.00),
(3, 3, 3, 1, 'шт', 80.00),
(4, 4, 4, 2, 'шт', 120.00),
(5, 5, 5, 2, 'шт', 80.00),
(6, 6, 6, 2, 'шт', 50.00),
(7, 7, 7, 3, 'шт', 15.00),
(8, 8, 8, 3, 'шт', 25.00),
(9, 9, 9, 3, 'шт', 10.00),
(10, 10, 10, 4, 'шт', 40.00),
(11, 11, 11, 4, 'шт', 30.00),
(12, 12, 12, 4, 'шт', 50.00),
(13, 13, 13, 5, 'шт', 150.00),
(14, 14, 14, 5, 'шт', 200.00),
(15, 15, 15, 5, 'шт', 120.00),
(16, 16, 16, 6, 'шт', 100.00),
(17, 17, 17, 6, 'шт', 150.00),
(18, 18, 18, 6, 'шт', 200.00),
(19, 19, 19, 7, 'шт', 250.00),
(20, 20, 20, 7, 'шт', 350.00);

INSERT INTO Discounts (ProductId, DiscountPercentage, StartDate, EndDate, MaxAllowedDiscount) VALUES
(1, 3.00, '2024-01-01', '2024-12-31', 5.00),
(2, 4.00, '2024-01-01', '2024-12-31', 7.00),
(3, 5.00, '2024-01-01', '2024-12-31', 10.00),
(4, 6.00, '2024-01-01', '2024-12-31', 8.00),
(5, 5.00, '2024-01-01', '2024-12-31', 7.00),
(6, 4.00, '2024-01-01', '2024-12-31', 6.00),
(7, 3.00, '2024-01-01', '2024-12-31', 5.00),
(8, 4.00, '2024-01-01', '2024-12-31', 6.00),
(9, 5.00, '2024-01-01', '2024-12-31', 7.00),
(10, 3.00, '2024-01-01', '2024-12-31', 6.00),
(11, 4.00, '2024-01-01', '2024-12-31', 5.00),
(12, 6.00, '2024-01-01', '2024-12-31', 8.00),
(13, 7.00, '2024-01-01', '2024-12-31', 10.00),
(14, 6.00, '2024-01-01', '2024-12-31', 9.00),
(15, 5.00, '2024-01-01', '2024-12-31', 8.00),
(16, 4.00, '2024-01-01', '2024-12-31', 7.00),
(17, 3.00, '2024-01-01', '2024-12-31', 6.00),
(18, 5.00, '2024-01-01', '2024-12-31', 10.00),
(19, 6.00, '2024-01-01', '2024-12-31', 9.00),
(20, 5.00, '2024-01-01', '2024-12-31', 8.00);
INSERT INTO Roles (RoleName) VALUES ('Клиент');
INSERT INTO Roles (RoleName) VALUES ('Администратор');
